{
  "stats": [
    {
      "timestamp": 1580805270000,
      "stats": {
        "Spirtis Price:75%": 102.1275,
        "Income Age (25_49):max": 23542,
        "Income Age (18_24):min": 21620,
        "Rainfall(mm):count": 12,
        "Temperature:25%": 6.381977033661605,
        "Tomorrowland:count": 12,
        "Wine Price:25%": 98.28,
        "Income Age (18_24):mean": 21620,
        "Soft Drinks Price:25%": 99.63250000000001,
        "Income Age (18_24):count": 12,
        "Spirtis Price:mean": 99.99916666666667,
        "Beer Price:25%": 99.6725,
        "Rainy_days:max": 22,
        "FIFA:min": 0,
        "Income Age (18_24):max": 21620,
        "Tomorrowland:75%": 0,
        "Smoking_prohibition:min": 1,
        "Beer Price:50%": 99.97999999999999,
        "Spirtis Price:min": 95.97,
        "Rainy_days:mean": 15,
        "Total Population:min": 11099554,
        "Rainfall(mm):max": 132.5,
        "Rainy_days:75%": 19,
        "Total Population:25%": 11099554,
        "Rainfall(mm):mean": 67.99166666666667,
        "Soft Drinks Price:75%": 100.31,
        "Rainy_days:count": 12,
        "Rainy_days:50%": 16,
        "Temperature:mean": 11.155487759419929,
        "Smoking_prohibition:count": 12,
        "Temperature:min": 2.8157465684726697,
        "FIFA:25%": 0,
        "Net national disposable income:50%": 77653.65,
        "Wine Price:75%": 101.9025,
        "Net national disposable income:count": 12,
        "Income Age (18_24):std": 0,
        "Total Population:mean": 11099554,
        "Income Age (25_49):mean": 23542,
        "Rainfall(mm):25%": 54.87499999999999,
        "Beer Price:75%": 100.4525,
        "Income Age (18_24):25%": 21620,
        "Wine Price:std": 2.151289077964581,
        "Net national disposable income:max": 83906.6,
        "Beer Price:min": 98.2,
        "FIFA:75%": 0,
        "Wine Price:max": 102.68,
        "Soft Drinks Price:std": 0.47068615291450305,
        "Income Age (18_24):75%": 21620,
        "Soft Drinks Price:max": 100.78,
        "Smoking_prohibition:std": 0,
        "FIFA:max": 0,
        "Rainfall(mm):std": 27.54756080056102,
        "Spirtis Price:std": 2.4078865056813674,
        "Wine Price:mean": 100.00083333333335,
        "Income Age (18_24):50%": 21620,
        "Income Age (25_49):min": 23542,
        "Smoking_prohibition:max": 1,
        "Income Age (25_49):count": 12,
        "Total Population:50%": 11099554,
        "Net national disposable income:min": 74784,
        "Income Age (25_49):std": 0,
        "FIFA:std": 0,
        "Smoking_prohibition:mean": 1,
        "Beer Price:std": 0.7724395631943494,
        "Temperature:count": 12,
        "Smoking_prohibition:25%": 1,
        "Rainfall(mm):50%": 61.150000000000006,
        "Tomorrowland:mean": 0.08333333333333333,
        "Tomorrowland:min": 0,
        "Income Age (25_49):75%": 23542,
        "Spirtis Price:count": 12,
        "Income Age (25_49):50%": 23542,
        "Spirtis Price:50%": 98.935,
        "Spirtis Price:25%": 98.51,
        "Wine Price:50%": 100.305,
        "Net national disposable income:25%": 75174.225,
        "Net national disposable income:75%": 80978.9,
        "Temperature:std": 6.223194115494735,
        "Spirtis Price:max": 103.31,
        "Beer Price:count": 12,
        "FIFA:mean": 0,
        "Net national disposable income:mean": 78499.47499999999,
        "Soft Drinks Price:count": 12,
        "Rainfall(mm):75%": 77.19999999999999,
        "Temperature:50%": 11.62781373377075,
        "Smoking_prohibition:75%": 1,
        "Rainy_days:min": 8,
        "Tomorrowland:50%": 0,
        "Soft Drinks Price:mean": 100,
        "Rainy_days:25%": 11.25,
        "Temperature:75%": 15.997749402478675,
        "Soft Drinks Price:min": 99.43,
        "Wine Price:count": 12,
        "Tomorrowland:std": 0.28867513459481287,
        "Total Population:75%": 11099554,
        "Rainfall(mm):min": 25.8,
        "Soft Drinks Price:50%": 99.955,
        "Beer Price:max": 101.08,
        "Beer Price:mean": 99.99916666666667,
        "Tomorrowland:max": 1,
        "Income Age (25_49):25%": 23542,
        "FIFA:count": 12,
        "Smoking_prohibition:50%": 1,
        "Total Population:count": 12,
        "Wine Price:min": 96.45,
        "Temperature:max": 20.675930379534602,
        "Net national disposable income:std": 3890.9505480666303,
        "Total Population:std": 0,
        "Tomorrowland:25%": 0,
        "Rainy_days:std": 4.972652484064488,
        "FIFA:50%": 0,
        "Total Population:max": 11099554
      }
    },
    {
      "timestamp": 1582386076271,
      "stats": {
        "Spirtis Price:75%": 103.57249999999999,
        "Income Age (25_49):max": 23572,
        "Income Age (18_24):min": 21277,
        "Rainfall(mm):count": 12,
        "Temperature:25%": 8.782290646010429,
        "Tomorrowland:count": 12,
        "Wine Price:25%": 102.17,
        "Income Age (18_24):mean": 21277,
        "Soft Drinks Price:25%": 100.39,
        "Income Age (18_24):count": 12,
        "Spirtis Price:mean": 103.05166666666668,
        "Beer Price:25%": 102.9775,
        "Rainy_days:max": 24,
        "FIFA:min": 0,
        "Income Age (18_24):max": 21277,
        "Tomorrowland:75%": 0,
        "Smoking_prohibition:min": 1,
        "Beer Price:50%": 103.45,
        "Spirtis Price:min": 100.74,
        "Rainy_days:mean": 15.25,
        "Total Population:min": 11150516,
        "Rainfall(mm):max": 136,
        "Rainy_days:75%": 19.5,
        "Total Population:25%": 11150516,
        "Rainfall(mm):mean": 65.35833333333333,
        "Soft Drinks Price:75%": 101.36999999999999,
        "Rainy_days:count": 12,
        "Rainy_days:50%": 15,
        "Temperature:mean": 12.853185105627153,
        "Smoking_prohibition:count": 12,
        "Temperature:min": 5.20388364045364,
        "FIFA:25%": 0,
        "Net national disposable income:50%": 78979.65,
        "Wine Price:75%": 102.87,
        "Net national disposable income:count": 12,
        "Income Age (18_24):std": 0,
        "Total Population:mean": 11150516,
        "Income Age (25_49):mean": 23572,
        "Rainfall(mm):25%": 35.4,
        "Beer Price:75%": 103.67,
        "Income Age (18_24):25%": 21277,
        "Wine Price:std": 0.4720137388858175,
        "Net national disposable income:max": 84647.2,
        "Beer Price:min": 101.51,
        "FIFA:75%": 0,
        "Wine Price:max": 103.01,
        "Soft Drinks Price:std": 0.5816037128388001,
        "Income Age (18_24):75%": 21277,
        "Soft Drinks Price:max": 101.59,
        "Smoking_prohibition:std": 0,
        "FIFA:max": 1,
        "Rainfall(mm):std": 39.32226892402489,
        "Spirtis Price:std": 0.9553850564356806,
        "Wine Price:mean": 102.46166666666666,
        "Income Age (18_24):50%": 21277,
        "Income Age (25_49):min": 23572,
        "Smoking_prohibition:max": 1,
        "Income Age (25_49):count": 12,
        "Total Population:50%": 11150516,
        "Net national disposable income:min": 75713.4,
        "Income Age (25_49):std": 0,
        "FIFA:std": 0.38924947208076144,
        "Smoking_prohibition:mean": 1,
        "Beer Price:std": 0.7013666313100098,
        "Temperature:count": 12,
        "Smoking_prohibition:25%": 1,
        "Rainfall(mm):50%": 62.150000000000006,
        "Tomorrowland:mean": 0.08333333333333333,
        "Tomorrowland:min": 0,
        "Income Age (25_49):75%": 23572,
        "Spirtis Price:count": 12,
        "Income Age (25_49):50%": 23572,
        "Spirtis Price:50%": 103.44,
        "Spirtis Price:25%": 102.9975,
        "Wine Price:50%": 102.5,
        "Net national disposable income:25%": 76601.70000000001,
        "Net national disposable income:75%": 81957.925,
        "Temperature:std": 4.752055725537834,
        "Spirtis Price:max": 103.82,
        "Beer Price:count": 12,
        "FIFA:mean": 0.16666666666666666,
        "Net national disposable income:mean": 79579.97499999999,
        "Soft Drinks Price:count": 12,
        "Rainfall(mm):75%": 94.17500000000001,