{
  "stats": [
    {
      "timestamp": 1583966882544,
      "stats": {
        "Rainfall(mm):count": 12,
        "Temperature:25%": 9.136199997045008,
        "Rainy_days:max": 25,
        "Rainy_days:mean": 16.5,
        "Rainfall(mm):max": 123.9,
        "Rainy_days:75%": 19.25,
        "Rainfall(mm):mean": 61.39166666666666,
        "Rainy_days:count": 12,
        "Rainy_days:50%": 15.5,
        "Temperature:mean": 12.36427299655154,
        "Temperature:min": 4.79886322785628,
        "Rainfall(mm):25%": 49.75000000000001,
        "Rainfall(mm):std": 27.671825459163774,
        "Temperature:count": 12,
        "Rainfall(mm):50%": 55.9,
        "Temperature:std": 5.2010989320230445,
        "Rainfall(mm):75%": 64.125,
        "Temperature:50%": 11.73705497771,
        "Rainy_days:min": 10,
        "Rainy_days:25%": 14,
        "Temperature:75%": 15.35297655617145,
        "Rainfall(mm):min": 24.4,
        "Temperature:max": 20.4552315476184,
        "Rainy_days:std": 4.166969685951215
      }
    },
    {
      "timestamp": 1585547688819,
      "stats": {
        "Rainfall(mm):count": 12,
        "Temperature:25%": 0,
        "Rainy_days:max": 24,
        "Rainy_days:mean": 15.833333333333334,
        "Rainfall(mm):max": 174.6,
        "Rainy_days:75%": 20,
        "Rainfall(mm):mean": 78.525,
        "Rainy_days:count": 12,
        "Rainy_days:50%": 15.5,
        "Temperature:mean": 0,
        "Temperature:min": 0,
        "Rainfall(mm):25%": 53.25,
        "Rainfall(mm):std": 45.3303455454812,
        "Temperature:count": 12,
        "Rainfall(mm):50%": 71.94999999999999,
        "Temperature:std": 0,
        "Rainfall(mm):75%": 98.075,
        "Temperature:50%": 0,
        "Rainy_days:min": 9,
        "Rainy_days:25%": 10,
        "Temperature:75%": 0,
        "Rainfall(mm):min": 18.3,
        "Temperature:max": 0,
        "Rainy_days:std": 5.621926769894873
      }
    },
    {
      "timestamp": 1580805270000,
      "stats": {
        "Rainfall(mm):count": 12,
        "Temperature:25%": 6.381977033661605,
        "Rainy_days:max": 22,
        "Rainy_days:mean": 15,
        "Rainfall(mm):max": 132.5,
        "Rainy_days:75%": 19,
        "Rainfall(mm):mean": 67.99166666666667,
        "Rainy_days:count": 12,
        "Rainy_days:50%": 16,
        "Temperature:mean": 11.155487759419929,
        "Temperature:min": 2.8157465684726697,
        "Rainfall(mm):25%": 54.87499999999999,
        "Rainfall(mm):std": 27.54756080056102,
        "Temperature:count": 12,
        "Rainfall(mm):50%": 61.150000000000006,
        "Temperature:std": 6.223194115494735,
        "Rainfall(mm):75%": 77.19999999999999,
        "Temperature:50%": 11.62781373377075,
        "Rainy_days:min": 8,
        "Rainy_days:25%": 11.25,
        "Temperature:75%": 15.997749402478675,
        "Rainfall(mm):min": 25.8,
        "Temperature:max": 20.675930379534602,
        "Rainy_days:std": 4.972652484064488
      }
    },
    {
      "timestamp": 1582386076271,
      "stats": {
        "Rainfall(mm):count": 12,
        "Temperature:25%": 8.782290646010429,
        "Rainy_days:max": 24,
        "Rainy_days:mean": 15.25,
        "Rainfall(mm):max": 136,
        "Rainy_days:75%": 19.5,
        "Rainfall(mm):mean": 65.35833333333333,
        "Rainy_days:count": 12,
        "Rainy_days:50%": 15,
        "Temperature:mean": 12.853185105627153,
        "Temperature:min": 5.20388364045364,
        "Rainfall(mm):25%": 35.4,
        "Rainfall(mm):std": 39.32226892402489,
        "Temperature:count": 12,
        "Rainfall(mm):50%": 62.150000000000006,
        "Temperature:std": 4.752055725537834,
        "Rainfall(mm):75%": 94.17500000000001,
        "Temperature:50%": 13.94401657721315,
        "Rainy_days:min": 7,
        "Rainy_days:25%": 11.75,
        "Temperature:75%": 16.909524882297074,
        "Rainfall(mm):min": 15.1,
        "Temperature:max": 19.631477599708603,
        "Rainy_days:std": 5.690901829794961
      }
    }
  ],
  "schema": {
    "name": "https://openweathermap.org/city",
    "uuid": "k-dfcbaf5e5e5322d9c8d06c4151c3198c0c5c9ac06b6121951785fb9ef31bbe21"
  },
  "lineage": {
    "name": "Python:Forecasting",
    "uuid": "k-3ac2a5fa3740c198a8e78ea2500c69f697c31c48db27ea4019d423400d7dc211"
  }
}
